docId	annotSet	annotType	startOffset	endOffset	annotId	text	other
S0012821X12004384-990	1	Quantity	100	110	1	axis 1=39%	"{""unit"": ""%""}"
S0012821X12004384-990	2	Quantity	135	140	2	2=17%	"{""unit"": ""%""}"
S0012821X12004384-990	2	MeasuredEntity	144	158	4	total variance	"{""HasQuantity"": ""2""}"
S0012821X12004384-990	3	Quantity	207	211	5	gram	"{""unit"": ""gram""}"
S0012821X12004384-990	4	Quantity	213	223	6	axis 1=31%	"{""unit"": ""%""}"
S0012821X12004384-990	5	Quantity	248	253	7	2=11%	"{""unit"": ""%""}"
S0012821X12004384-990	5	MeasuredEntity	227	247	8	total variance, axis	"{""HasQuantity"": ""7""}"
S0012821X12004384-990	6	Quantity	552	575	9	2619.60 m and 2614.71 m	"{""unit"": ""m""}"
S0012821X12004384-990	6	MeasuredEntity	541	548	10	Samples	"{""HasQuantity"": ""9""}"
