docId	annotSet	annotType	startOffset	endOffset	annotId	text	other
S0019103512003995-1237	1	Quantity	237	252	1	2.23 × 1019 m−2	"{""unit"": ""m−2""}"
S0019103512003995-1237	1	MeasuredEntity	230	233	2	ISM	"{""HasQuantity"": ""1""}"
S0019103512003995-1237	2	Quantity	312	323	3	−6.6 km s−1	"{""unit"": ""km""}"
S0019103512003995-1237	2	MeasuredProperty	258	275	4	relative velocity	"{""HasQuantity"": ""3""}"
S0019103512003995-1237	3	Quantity	388	399	5	12.3 km s−1	"{""unit"": ""km""}"
S0019103512003995-1237	4	Quantity	607	613	6	17,500	"{""unit"": ""17,500""}"
S0019103512003995-1237	4	MeasuredProperty	603	604	7	R	"{""HasQuantity"": ""6""}"
S0019103512003995-1237	4	MeasuredEntity	580	599	8	spectral resolution	"{""HasProperty"": ""7""}"
