docId	annotSet	annotType	startOffset	endOffset	annotId	text	other
S0019103512003533-5300	1	Quantity	135	144	1	80 mV m−1	"{""unit"": ""m−1""}"
S0019103512003533-5300	2	Quantity	220	237	2	0.2 to 1.2 mW m−2	"{""unit"": ""to""}"
S0019103512003533-5300	3	Quantity	252	262	3	100 mV m−1	"{""unit"": ""m−1""}"
S0019103512003533-5300	3	MeasuredProperty	248	249	4	E	"{""HasQuantity"": ""3""}"
S0019103512003533-5300	4	Quantity	281	297	5	∼550 K to 850 K.	"{""unit"": ""to""}"
S0019103512003533-5300	5	Quantity	526	532	6	10 keV	"{""unit"": ""keV""}"
S0019103512003533-5300	5	MeasuredEntity	533	542	8	particles	"{""HasQuantity"": ""6""}"
S0019103512003533-5300	6	Quantity	613	619	9	500 eV	"{""unit"": ""eV""}"
S0019103512003533-5300	6	MeasuredEntity	619	630	10	) electrons	"{""HasQuantity"": ""9""}"
