docId	annotSet	annotType	startOffset	endOffset	annotId	text	other
S0032063312000487-1141	1	Quantity	439	442	1	77%	"{""unit"": ""%""}"
S0032063312000487-1141	2	Quantity	501	504	2	77%	"{""unit"": ""%""}"
S0032063312000487-1141	3	Quantity	536	539	3	76%	"{""unit"": ""%""}"
S0032063312000487-1141	3	MeasuredEntity	512	531	4	dawn side crossings	"{""HasQuantity"": ""3""}"
S0032063312000487-1141	4	Quantity	872	875	5	89%	"{""unit"": ""%""}"
S0032063312000487-1141	5	Quantity	934	937	6	94%	"{""unit"": ""%""}"
S0032063312000487-1141	6	Quantity	969	972	7	86%	"{""unit"": ""%""}"
S0032063312000487-1141	6	MeasuredEntity	945	964	8	dawn side crossings	"{""HasQuantity"": ""7""}"
