docId	annotSet	annotType	startOffset	endOffset	annotId	text	other
S0038071711004354-2389	1	Quantity	103	109	1	0.18 g	"{""unit"": ""g""}"
S0038071711004354-2389	1	MeasuredProperty	83	99	2	autotrophic flux	"{""HasQuantity"": ""1""}"
S0038071711004354-2389	2	Quantity	160	163	3	56%	"{""unit"": ""%""}"
S0038071711004354-2389	3	Quantity	207	213	4	0.15 g	"{""unit"": ""g""}"
S0038071711004354-2389	4	Quantity	253	256	5	44%	"{""unit"": ""%""}"
S0038071711004354-2389	5	Quantity	279	284	6	three	"{""unit"": ""three""}"
S0038071711004354-2389	5	MeasuredEntity	285	301	7	end-member model	"{""HasQuantity"": ""6""}"
