docId	annotSet	annotType	startOffset	endOffset	annotId	text	other
S0032063312002437-593	1	Quantity	0	36	1	Between August 2008 and October 2009	"{""unit"": ""2009""}"
S0032063312002437-593	1	MeasuredEntity	37	56	2	Venus Express (VEX)	"{""HasQuantity"": ""1""}"
S0032063312002437-593	2	Quantity	88	97	3	near 86°N	"{""unit"": ""N""}"
S0032063312002437-593	2	MeasuredProperty	78	87	4	periapsis	"{""HasQuantity"": ""3""}"
S0032063312002437-593	3	Quantity	114	157	5	between 185 km and 215 km with about 10 min	"{""unit"": ""min""}"
