docId	annotSet	annotType	startOffset	endOffset	annotId	text	other
S0032063313003218-7156	1	Quantity	389	400	1	three times	"{""unit"": ""times""}"
S0032063313003218-7156	2	Quantity	661	667	2	a ~75%	"{""unit"": ""%""}"
S0032063313003218-7156	2	MeasuredProperty	668	676	3	decrease	"{""HasQuantity"": ""2""}"
S0032063313003218-7156	2	MeasuredEntity	568	575	4	case EF	"{""HasProperty"": ""3""}"
S0032063313003218-7156	3	Quantity	1151	1159	5	only 30%	"{""unit"": ""%""}"
S0032063313003218-7156	3	MeasuredEntity	1168	1175	7	case ES	"{""HasQuantity"": ""5""}"
