docId	annotSet	annotType	startOffset	endOffset	annotId	text	other
S0167739X12001525-6016	1	Quantity	387	390	1	10%	"{""unit"": ""%""}"
S0167739X12001525-6016	2	Quantity	430	435	2	19.8%	"{""unit"": ""%""}"
S0167739X12001525-6016	3	Quantity	473	477	3	Five	"{""unit"": ""Five""}"
S0167739X12001525-6016	3	MeasuredEntity	478	500	4	out of eight scenarios	"{""HasQuantity"": ""3""}"
S0167739X12001525-6016	4	Quantity	506	514	5	below 5%	"{""unit"": ""%""}"
S0167739X12001525-6016	4	MeasuredProperty	501	505	6	stay	"{""HasQuantity"": ""5""}"
