docId	annotSet	annotType	startOffset	endOffset	annotId	text	other
S016412121300188X-4207	1	Quantity	67	70	1	two	"{""unit"": ""two""}"
S016412121300188X-4207	1	MeasuredProperty	17	45	2	average slice size deviation	"{""HasQuantity"": ""1""}"
S016412121300188X-4207	2	Quantity	158	161	3	14%	"{""unit"": ""%""}"
S016412121300188X-4207	2	MeasuredEntity	121	148	4	Low setting produces slices	"{""HasQuantity"": ""3""}"
S016412121300188X-4207	3	Quantity	235	238	5	37%	"{""unit"": ""%""}"
S016412121300188X-4207	3	MeasuredProperty	214	231	6	largest deviation	"{""HasQuantity"": ""5""}"
S016412121300188X-4207	4	Quantity	541	552	7	30 programs	"{""unit"": ""programs""}"
S016412121300188X-4207	4	MeasuredEntity	558	590	8	Low setting yields larger slices	"{""HasQuantity"": ""7""}"
