docId	annotSet	annotType	startOffset	endOffset	annotId	text	other
S0257897213007573-574	1	Quantity	41	50	1	2 × 2 μm2	"{""unit"": ""μm2""}"
S0257897213007573-574	2	Quantity	68	77	2	2 × 2 μm2	"{""unit"": ""μm2""}"
S0257897213007573-574	2	MeasuredEntity	54	66	3	c] CDC layer	"{""HasQuantity"": ""2""}"
S0257897213007573-574	3	Quantity	105	116	4	20 × 20 μm2	"{""unit"": ""μm2""}"
S0257897213007573-574	4	Quantity	217	224	5	0.22 nm	"{""unit"": ""nm""}"
S0257897213007573-574	5	Quantity	236	243	6	1.46 nm	"{""unit"": ""nm""}"
S0257897213007573-574	6	Quantity	308	316	7	54.68 nm	"{""unit"": ""nm""}"
