docId	annotSet	annotType	startOffset	endOffset	annotId	text	other
S0378383911001669-1203	1	Quantity	395	412	1	1.3 mm sand-rough	"{""unit"": ""mm""}"
S0378383911001669-1203	1	MeasuredEntity	413	418	2	beach	"{""HasQuantity"": ""1""}"
S0378383911001669-1203	2	Quantity	426	433	3	0.072 m	"{""unit"": ""m""}"
S0378383911001669-1203	3	Quantity	451	458	4	0.772 m	"{""unit"": ""m""}"
S0378383911001669-1203	3	MeasuredProperty	447	448	5	x	"{""HasQuantity"": ""4""}"
S0378383911001669-1203	4	Quantity	476	483	6	1.567 m	"{""unit"": ""m""}"
S0378383911001669-1203	5	Quantity	518	524	7	8.4 mm	"{""unit"": ""mm""}"
