docId	annotSet	annotType	startOffset	endOffset	annotId	text	other
S0927024813003036-1981	1	Quantity	318	324	1	99.95%	"{""unit"": ""%""}"
S0927024813003036-1981	1	MeasuredProperty	325	331	2	purity	"{""HasQuantity"": ""1""}"
S0927024813003036-1981	2	Quantity	442	448	3	798 °C	"{""unit"": ""C""}"
S0927024813003036-1981	2	MeasuredEntity	362	369	4	Samples	"{""HasQuantity"": ""3""}"
S0927024813003036-1981	3	Quantity	845	858	5	below ∼100 °C	"{""unit"": ""C""}"
S0927024813003036-1981	3	MeasuredEntity	822	829	6	samples	"{""HasQuantity"": ""5""}"
S0927024813003036-1981	4	Quantity	862	868	7	<10 s.	"{""unit"": ""s.""}"
S0927024813003036-1981	4	MeasuredEntity	948	972	9	“uncontaminated” samples	"{""HasQuantity"": ""7""}"
