docId	annotSet	annotType	startOffset	endOffset	annotId	text	other
S0960148113002735-1989	1	Quantity	63	74	1	time 1800 s	"{""unit"": ""s""}"
S0960148113002735-1989	2	Quantity	365	368	2	57%	"{""unit"": ""%""}"
S0960148113002735-1989	2	MeasuredEntity	353	363	3	reduced CP	"{""HasQuantity"": ""2""}"
S0960148113002735-1989	3	Quantity	397	403	4	1800 s	"{""unit"": ""s""}"
S0960148113002735-1989	3	MeasuredEntity	376	393	5	separate topology	"{""HasQuantity"": ""4""}"
S0960148113002735-1989	4	Quantity	493	507	6	4 until 2700 s	"{""unit"": ""s""}"
