docId	annotSet	annotType	startOffset	endOffset	annotId	text	other
S1873506114000075-665	1	Quantity	100	106	1	100-mm	"{""unit"": ""mm""}"
S1873506114000075-665	1	MeasuredEntity	107	113	2	dishes	"{""HasQuantity"": ""1""}"
S1873506114000075-665	2	Quantity	419	424	3	50 μm	"{""unit"": ""μm""}"
S1873506114000075-665	2	MeasuredEntity	408	417	4	Scale bar	"{""HasQuantity"": ""3""}"
S1873506114000075-665	3	Quantity	429	435	5	100 μm	"{""unit"": ""μm""}"
S1873506114000075-665	4	Quantity	586	592	6	100 μm	"{""unit"": ""μm""}"
S1873506114000075-665	4	MeasuredEntity	575	584	7	Scale bar	"{""HasQuantity"": ""6""}"
