docId	annotSet	annotType	startOffset	endOffset	annotId	text	other
S2213158213000582-1390	1	Quantity	23	28	1	50 ms	"{""unit"": ""ms""}"
S2213158213000582-1390	2	Quantity	97	103	2	< 0.05	"{""unit"": ""0.05""}"
S2213158213000582-1390	2	MeasuredProperty	95	96	3	q	"{""HasQuantity"": ""2""}"
S2213158213000582-1390	2	MeasuredEntity	77	94	4	-STG regions (FDR	"{""HasProperty"": ""3""}"
S2213158213000582-1390	3	Quantity	234	236	5	50	"{""unit"": ""50""}"
S2213158213000582-1390	3	MeasuredEntity	236	256	6	-ms activity than SZ	"{""HasQuantity"": ""5""}"
S2213158213000582-1390	4	Quantity	348	353	7	50 ms	"{""unit"": ""ms""}"
S2213158213000582-1390	4	MeasuredProperty	354	362	8	activity	"{""HasQuantity"": ""7""}"
