docId	annotSet	annotType	startOffset	endOffset	annotId	text	other
S2213158213000582-751	1	Quantity	27	32	1	50 ms	"{""unit"": ""ms""}"
S2213158213000582-751	1	MeasuredProperty	8	22	2	group analyses	"{""HasQuantity"": ""1""}"
S2213158213000582-751	1	MeasuredProperty	33	41	3	activity	"{""HasQuantity"": ""1""}"
S2213158213000582-751	2	Quantity	99	105	4	< 0.05	"{""unit"": ""0.05""}"
S2213158213000582-751	2	MeasuredProperty	78	98	5	thresholded at FDR q	"{""HasQuantity"": ""4""}"
S2213158213000582-751	3	Quantity	197	203	6	< 0.05	"{""unit"": ""0.05""}"
